,x0,x1,x2,x3,x4,x5,x6,x7,x8,x9,x10,x11,x12,x13,x14,x15,x16,x17,x18,x19,x20,y0,y1,y2,y3,y4,y5,y6,y7,y8,y9,y10,y11,y12,y13,y14,y15,y16,y17,y18,y19,y20,z0,z1,z2,z3,z4,z5,z6,z7,z8,z9,z10,z11,z12,z13,z14,z15,z16,z17,z18,z19,z20
0,0.40454190969467163,0.5296940207481384,0.6189529895782471,0.5711090564727783,0.4561593532562256,0.4881717562675476,0.4716207981109619,0.5008153915405273,0.5135713815689087,0.3920067250728607,0.3740449845790863,0.4183717370033264,0.4153865575790405,0.30212464928627014,0.2847817838191986,0.3435940742492676,0.33302605152130127,0.21083307266235352,0.1968141496181488,0.25514787435531616,0.24922144412994385,0.6966966390609741,0.6112000942230225,0.5041377544403076,0.3980640172958374,0.3817024827003479,0.4212251901626587,0.3515165150165558,0.4441072642803192,0.46381819248199463,0.44105589389801025,0.36589035391807556,0.4869597554206848,0.4951022267341614,0.46794259548187256,0.39886951446533203,0.5077774524688721,0.5145862698554993,0.5024098753929138,0.4301067590713501,0.49665510654449463,0.5145953893661499,-5.985128882457502e-05,-0.13710537552833557,-0.25692591071128845,-0.3592419922351837,-0.40236788988113403,-0.10925939679145813,-0.2437792867422104,-0.17176461219787598,-0.07731032371520996,-0.11651292443275452,-0.3515340983867645,-0.2956278622150421,-0.18428915739059448,-0.15260325372219086,-0.37080034613609314,-0.2957114279270172,-0.20039385557174683,-0.19942128658294678,-0.31051337718963623,-0.3010252118110657,-0.27039700746536255
1,0.4135487973690033,0.5501455068588257,0.6516450643539429,0.7379714250564575,0.8368578553199768,0.5120509266853333,0.5103817582130432,0.5282328724861145,0.524868905544281,0.4145190715789795,0.4109351634979248,0.44465285539627075,0.43601158261299133,0.32854628562927246,0.3288925290107727,0.37773439288139343,0.3721314072608948,0.23987959325313568,0.2537820339202881,0.3032594919204712,0.29902783036231995,0.7069400548934937,0.6311123371124268,0.5176441669464111,0.4317168891429901,0.3942876160144806,0.44334855675697327,0.3780372142791748,0.46705785393714905,0.49932581186294556,0.4561969041824341,0.39500153064727783,0.5141525268554688,0.5155937075614929,0.47817346453666687,0.42689400911331177,0.5391635894775391,0.5479788780212402,0.5136032700538635,0.45664626359939575,0.5268915891647339,0.5462454557418823,-8.353288285434246e-05,-0.06386294215917587,-0.10408399254083633,-0.1377241313457489,-0.14707070589065552,-0.028041958808898926,-0.12292703986167908,-0.06909914314746857,0.004255896899849176,-0.04790351167321205,-0.25072941184043884,-0.20723563432693481,-0.10334216058254242,-0.08512985706329346,-0.2777847349643707,-0.21111929416656494,-0.11923404783010483,-0.12595286965370178,-0.22508126497268677,-0.20598739385604858,-0.169945627450943
2,0.4287011921405792,0.5483285188674927,0.6378499865531921,0.7046042680740356,0.7932374477386475,0.5045061111450195,0.49110883474349976,0.4790332019329071,0.46365827322006226,0.41404959559440613,0.41220688819885254,0.4446810185909271,0.4447264075279236,0.33208486437797546,0.33056581020355225,0.37656912207603455,0.37603649497032166,0.24963796138763428,0.2539372146129608,0.30068761110305786,0.29557400941848755,0.7292235493659973,0.6650058031082153,0.5457956790924072,0.4492850601673126,0.3996523320674896,0.4513172507286072,0.3334328830242157,0.2629461884498596,0.19522109627723694,0.46956008672714233,0.41627901792526245,0.5307527184486389,0.5541501641273499,0.4974222481250763,0.4531121551990509,0.5584954023361206,0.5720727443695068,0.5360676646232605,0.48576322197914124,0.5538954734802246,0.5669937133789062,-0.0001563808327773586,-0.055070362985134125,-0.075479656457901,-0.0955284833908081,-0.09549371153116226,0.007306885905563831,-0.08746916055679321,-0.14880041778087616,-0.19650307297706604,-0.013726037926971912,-0.18593251705169678,-0.17404939234256744,-0.11938338726758957,-0.05519513413310051,-0.23351381719112396,-0.18852587044239044,-0.12770259380340576,-0.09911240637302399,-0.21343739330768585,-0.18818873167037964,-0.1535062938928604
3,0.4285343885421753,0.5626585483551025,0.6458406448364258,0.6944396495819092,0.7599616050720215,0.5343780517578125,0.5654795169830322,0.5784542560577393,0.5848540663719177,0.44082361459732056,0.4187353551387787,0.40407004952430725,0.39178264141082764,0.3588034510612488,0.3260512948036194,0.3585367500782013,0.38115063309669495,0.2727265954017639,0.2529756426811218,0.2948189973831177,0.31416600942611694,0.7158879637718201,0.6562769412994385,0.5320565700531006,0.428862065076828,0.37609490752220154,0.437572717666626,0.32117271423339844,0.25409257411956787,0.1941622942686081,0.44028979539871216,0.29842472076416016,0.21284906566143036,0.1308341920375824,0.4715167284011841,0.39263203740119934,0.4850029945373535,0.5430894494056702,0.5174247026443481,0.4459064304828644,0.5094072818756104,0.553764820098877,-0.00015743363474030048,-0.03991333395242691,-0.03633527457714081,-0.04319607838988304,-0.05544200912117958,0.057504720985889435,0.034491196274757385,0.010218217968940735,-0.0062907058745622635,0.023801585659384727,-0.029203804209828377,-0.07218126952648163,-0.1130133792757988,-0.024425793439149857,-0.137704998254776,-0.14951921999454498,-0.12919482588768005,-0.07696922868490219,-0.17588067054748535,-0.19347088038921356,-0.1897006630897522
4,0.43905937671661377,0.5817153453826904,0.6623638868331909,0.6927717924118042,0.7451692819595337,0.5215259194374084,0.5377195477485657,0.543883740901947,0.5501329302787781,0.4205171763896942,0.3930436968803406,0.3697296380996704,0.34512031078338623,0.33926379680633545,0.2990989685058594,0.2825791537761688,0.2690330147743225,0.2592655420303345,0.25376415252685547,0.2927621006965637,0.31792742013931274,0.7325866222381592,0.6667181849479675,0.5335458517074585,0.4300280213356018,0.36550867557525635,0.42894792556762695,0.31722700595855713,0.251548171043396,0.19047752022743225,0.42711034417152405,0.29905056953430176,0.2182704359292984,0.14975786209106445,0.45460444688796997,0.32908952236175537,0.2532990276813507,0.18579337000846863,0.5089837312698364,0.43836650252342224,0.4831085205078125,0.5323684811592102,-0.00031548773404210806,-0.035546597093343735,-0.023352140560746193,-0.021505184471607208,-0.018566854298114777,0.08404596894979477,0.07652802020311356,0.08242478221654892,0.10090654343366623,0.05569381266832352,0.05049166455864906,0.03884992375969887,0.03658453747630119,0.004781046416610479,-0.0444626621901989,-0.08295560628175735,-0.10380297154188156,-0.052090924233198166,-0.14550714194774628,-0.19499023258686066,-0.22105315327644348
5,0.4470173418521881,0.5963093042373657,0.6790427565574646,0.716605544090271,0.7806246280670166,0.5346847772598267,0.5587284564971924,0.5694628953933716,0.5772162675857544,0.4336382746696472,0.4284319579601288,0.4281683564186096,0.42784208059310913,0.3449518382549286,0.31966662406921387,0.32063454389572144,0.325546532869339,0.2610713541507721,0.1999797821044922,0.16571304202079773,0.1397901475429535,0.7138288021087646,0.6544390320777893,0.5312443971633911,0.4196803867816925,0.3571542501449585,0.41292890906333923,0.3046814501285553,0.24462172389030457,0.19443491101264954,0.40769633650779724,0.28943076729774475,0.22047187387943268,0.1712713986635208,0.42949581146240234,0.31448912620544434,0.24717684090137482,0.1932804435491562,0.47474050521850586,0.39503246545791626,0.34118908643722534,0.2889885902404785,-0.00014228306827135384,0.000808042474091053,0.02897949144244194,0.043390385806560516,0.0490359365940094,0.12711134552955627,0.15113374590873718,0.15633632242679596,0.15198032557964325,0.10984478890895844,0.1461843103170395,0.14862120151519775,0.14236846566200256,0.07521256059408188,0.09801416844129562,0.09513483196496964,0.08908271789550781,0.03441149741411209,0.039585817605257034,0.025056030601263046,0.007470555137842894
6,0.5145719051361084,0.6167474985122681,0.7146844863891602,0.7013670206069946,0.6080586910247803,0.6625546216964722,0.6673048734664917,0.6528279781341553,0.6546405553817749,0.5867939591407776,0.5914862155914307,0.5850406885147095,0.5887888669967651,0.5162340402603149,0.5189555883407593,0.5279497504234314,0.5276955962181091,0.4455707371234894,0.45313966274261475,0.4755952060222626,0.4762726128101349,0.6579578518867493,0.6367002129554749,0.5784559845924377,0.5059794187545776,0.4786757826805115,0.4865257740020752,0.4358084797859192,0.5026165246963501,0.5194615721702576,0.47981393337249756,0.42548301815986633,0.5125603675842285,0.5215376019477844,0.48467808961868286,0.4375224709510803,0.521277904510498,0.5303287506103516,0.500708281993866,0.46018150448799133,0.5157477855682373,0.5276972055435181,-0.00018901524890679866,-0.1194830983877182,-0.21758320927619934,-0.29670554399490356,-0.3202013075351715,-0.11582649499177933,-0.2114274799823761,-0.16764488816261292,-0.10768592357635498,-0.11491943895816803,-0.2819676101207733,-0.2607455551624298,-0.19933895766735077,-0.13370200991630554,-0.2892187237739563,-0.24743805825710297,-0.1909690797328949,-0.159178227186203,-0.24011941254138947,-0.24373291432857513,-0.23379914462566376
7,0.43463271856307983,0.5484037399291992,0.6479445695877075,0.7307784557342529,0.814172089099884,0.5920304656028748,0.5849040150642395,0.5651928782463074,0.5602555274963379,0.5187014937400818,0.507577657699585,0.5000827312469482,0.5106685757637024,0.45098429918289185,0.44097697734832764,0.4496757388114929,0.4595850706100464,0.3851321041584015,0.38585013151168823,0.4028417468070984,0.40767425298690796,0.622545599937439,0.6216663718223572,0.590168833732605,0.564243733882904,0.5590566992759705,0.47980186343193054,0.4298916459083557,0.48921820521354675,0.5055371522903442,0.4720420837402344,0.4266144335269928,0.511732280254364,0.5088409781455994,0.4739026427268982,0.43821245431900024,0.5186298489570618,0.5197606086730957,0.4828033149242401,0.4539535641670227,0.5078504681587219,0.516106367111206,0.00010833876876858994,-0.10085585713386536,-0.16688302159309387,-0.22236844897270203,-0.25595802068710327,-0.09971917420625687,-0.20350921154022217,-0.1883099228143692,-0.13291724026203156,-0.09411159157752991,-0.2687491774559021,-0.25036758184432983,-0.171096071600914,-0.10847828537225723,-0.2670777440071106,-0.23100873827934265,-0.15986666083335876,-0.1295853555202484,-0.212344691157341,-0.20133842527866364,-0.1602150797843933
8,0.4470658600330353,0.550976037979126,0.6467076539993286,0.7292673587799072,0.8156665563583374,0.5913197994232178,0.5856391191482544,0.5844683051109314,0.5800659656524658,0.5218313932418823,0.5064870715141296,0.5028096437454224,0.5049373507499695,0.45686107873916626,0.44651034474372864,0.4540197551250458,0.45631399750709534,0.3944985270500183,0.3947185277938843,0.4076835811138153,0.40809139609336853,0.6456417441368103,0.6513686776161194,0.6137266159057617,0.5870084762573242,0.5806362628936768,0.48595762252807617,0.3987780213356018,0.34484824538230896,0.2971726059913635,0.4845638871192932,0.4527597427368164,0.5255096554756165,0.550784170627594,0.49323055148124695,0.4662800431251526,0.5333752632141113,0.5498987436294556,0.508000910282135,0.47835972905158997,0.5268286466598511,0.5417119860649109,2.377166993028368e-06,-0.07845139503479004,-0.12679877877235413,-0.16600199043750763,-0.2059907466173172,-0.07185390591621399,-0.1439267247915268,-0.18878261744976044,-0.2145995795726776,-0.07121925055980682,-0.19329734146595,-0.19318635761737823,-0.15861377120018005,-0.08263063430786133,-0.2001773715019226,-0.1804671585559845,-0.14275719225406647,-0.0994168296456337,-0.1750420331954956,-0.15859711170196533,-0.1298399418592453
9,0.46419763565063477,0.5746342539787292,0.6748848557472229,0.7624325752258301,0.8492407202720642,0.6104221343994141,0.6389037370681763,0.6551707983016968,0.6643166542053223,0.5434333682060242,0.550098717212677,0.548137366771698,0.5444994568824768,0.47981277108192444,0.4568819999694824,0.4703088104724884,0.4870842695236206,0.41664963960647583,0.4010496735572815,0.4218687117099762,0.44023454189300537,0.6510208249092102,0.6486807465553284,0.6069662570953369,0.5760384798049927,0.5643386244773865,0.47669392824172974,0.39420250058174133,0.33943963050842285,0.2922523021697998,0.4686279594898224,0.37436696887016296,0.31748268008232117,0.26666897535324097,0.4805757999420166,0.4313447177410126,0.4875655770301819,0.5304114818572998,0.5035069584846497,0.4666806757450104,0.5092573761940002,0.542963981628418,-7.510466821258888e-05,-0.06473653763532639,-0.08983562141656876,-0.11421812325716019,-0.14537100493907928,-0.0032696654088795185,-0.025158314034342766,-0.04819626361131668,-0.0626462996006012,-0.007233827840536833,-0.037594251334667206,-0.06841190904378891,-0.09283227473497391,-0.022918477654457092,-0.1076330691576004,-0.1257384568452835,-0.11260136216878891,-0.043193966150283813,-0.11870995163917542,-0.13141122460365295,-0.11692836880683899
10,0.5140643119812012,0.6183054447174072,0.7069351673126221,0.779546856880188,0.8527288436889648,0.6284246444702148,0.6301307082176208,0.6265161633491516,0.6195358633995056,0.5644786953926086,0.557053804397583,0.5469463467597961,0.536643922328949,0.5068511962890625,0.47990304231643677,0.4625616669654846,0.4549422264099121,0.4530733823776245,0.43955373764038086,0.45193880796432495,0.46651095151901245,0.6286333799362183,0.6249634027481079,0.5792555212974548,0.5462988615036011,0.5318059921264648,0.4638979136943817,0.38674575090408325,0.3331452012062073,0.2863098382949829,0.4555668234825134,0.3689228594303131,0.31095319986343384,0.2638651728630066,0.4683869779109955,0.397355854511261,0.35181254148483276,0.3126630187034607,0.4985964894294739,0.46769899129867554,0.4918632507324219,0.5181256532669067,-7.608239684486762e-05,-0.07670046389102936,-0.1125888079404831,-0.13821294903755188,-0.16780290007591248,-0.05595941096544266,-0.09817679226398468,-0.14219482243061066,-0.17269763350486755,-0.05518951639533043,-0.08819296211004257,-0.1235419511795044,-0.147486612200737,-0.06459437310695648,-0.11589650809764862,-0.15407656133174896,-0.17996099591255188,-0.08022019267082214,-0.14863669872283936,-0.1678430736064911,-0.16696138679981232
11,0.5098048448562622,0.6202797293663025,0.7235853672027588,0.8127710223197937,0.8961036801338196,0.6608058214187622,0.6958505511283875,0.719880998134613,0.7359580993652344,0.5944201350212097,0.620880663394928,0.6368191838264465,0.6476078033447266,0.5291621685028076,0.5347296595573425,0.540931761264801,0.5466369986534119,0.46759432554244995,0.4494723081588745,0.442706823348999,0.4378575086593628,0.6310065388679504,0.6350549459457397,0.6043465733528137,0.579494833946228,0.5771204829216003,0.4591229259967804,0.3753323256969452,0.3193730115890503,0.2715228796005249,0.4409388303756714,0.3467150926589966,0.28801411390304565,0.24329626560211182,0.44331255555152893,0.35725483298301697,0.30335932970046997,0.2592514753341675,0.4627174735069275,0.39689362049102783,0.3568209409713745,0.31937679648399353,-0.00010267793550156057,-0.08370987325906754,-0.12548421323299408,-0.16195182502269745,-0.21137483417987823,-0.07307803630828857,-0.10560343414545059,-0.14522641897201538,-0.18034127354621887,-0.06052713468670845,-0.08145639300346375,-0.11375602334737778,-0.14091798663139343,-0.056641675531864166,-0.08192254602909088,-0.11775319278240204,-0.14368294179439545,-0.06178657338023186,-0.09587106853723526,-0.12072482705116272,-0.13931363821029663
12,0.6716565489768982,0.8139712810516357,0.8689785003662109,0.8756893277168274,0.8860633969306946,0.6778073906898499,0.6293191909790039,0.5912796854972839,0.5567119717597961,0.5892492532730103,0.5429427027702332,0.5166015625,0.4894607663154602,0.5134216547012329,0.4439409375190735,0.47575879096984863,0.5142465829849243,0.44342654943466187,0.3757754862308502,0.35257887840270996,0.3448273241519928,0.8024066686630249,0.7023441791534424,0.5554592609405518,0.4130365550518036,0.3009512424468994,0.41592898964881897,0.2707135081291199,0.17596793174743652,0.10065695643424988,0.4411972165107727,0.276523232460022,0.16739466786384583,0.07845872640609741,0.48802825808525085,0.3959449529647827,0.47784528136253357,0.5542229413986206,0.5440794825553894,0.4263335168361664,0.3576037883758545,0.2885226607322693,-0.00010734552051872015,-0.09586866199970245,-0.11549566686153412,-0.13739024102687836,-0.15847931802272797,0.04504013806581497,0.06075158715248108,0.053485698997974396,0.05134967342019081,0.053295254707336426,0.044975195080041885,0.0038128395099192858,-0.02102966420352459,0.045664720237255096,-0.06611152738332748,-0.11799858510494232,-0.11292364448308945,0.034243062138557434,-0.01550865825265646,-0.028951536864042282,-0.020443515852093697
13,0.5578674077987671,0.6593053340911865,0.677595317363739,0.5580307245254517,0.4600350856781006,0.5467182397842407,0.4852423667907715,0.45080021023750305,0.42409470677375793,0.4659828245639801,0.4077684283256531,0.3695380389690399,0.3461453318595886,0.4035077393054962,0.3426853120326996,0.31488412618637085,0.2982565760612488,0.35196566581726074,0.28636085987091064,0.25272589921951294,0.22326190769672394,0.8008643388748169,0.7078147530555725,0.5458161234855652,0.5090733170509338,0.5747997164726257,0.4504760205745697,0.3009816110134125,0.2182384729385376,0.14869260787963867,0.4749934673309326,0.31649917364120483,0.22024548053741455,0.1517866849899292,0.5220485925674438,0.38002321124076843,0.28944921493530273,0.21682709455490112,0.5937033295631409,0.4901663661003113,0.4158734679222107,0.3473852872848511,-0.0002856889914255589,-0.11072580516338348,-0.18915703892707825,-0.2389443814754486,-0.2523653209209442,-0.06051013618707657,-0.07934136688709259,-0.08451250195503235,-0.10237079858779907,-0.05765935778617859,-0.0663357675075531,-0.0986490324139595,-0.14534348249435425,-0.06743117421865463,-0.08443288505077362,-0.10418137907981873,-0.14118072390556335,-0.09077400714159012,-0.1128758043050766,-0.14695186913013458,-0.18915244936943054
14,0.6386266946792603,0.7138287425041199,0.6954222917556763,0.5843061208724976,0.45964330434799194,0.6014016270637512,0.5570133328437805,0.548336386680603,0.5485234260559082,0.5250377058982849,0.4525758624076843,0.41435813903808594,0.38739898800849915,0.468056321144104,0.38802236318588257,0.3668804168701172,0.3380470871925354,0.43335428833961487,0.40223389863967896,0.442488431930542,0.4638540744781494,0.8072502613067627,0.7056902647018433,0.5543769598007202,0.48445406556129456,0.4723995625972748,0.4537431597709656,0.34749114513397217,0.42233040928840637,0.4839942157268524,0.4675034284591675,0.3163645565509796,0.22074618935585022,0.13622534275054932,0.5150665044784546,0.380246102809906,0.29853397607803345,0.22060228884220123,0.5894379615783691,0.49595925211906433,0.5043619871139526,0.5158059000968933,-0.00022313515364658087,-0.1362450271844864,-0.18927957117557526,-0.2184668481349945,-0.2242620289325714,-0.07433515042066574,-0.16132961213588715,-0.20484080910682678,-0.22244903445243835,-0.04405132681131363,-0.06307316571474075,-0.08418159931898117,-0.09814411401748657,-0.03773310035467148,-0.08403851091861725,-0.09213980287313461,-0.09013289213180542,-0.04629671573638916,-0.10124382376670837,-0.10856679826974869,-0.09234708547592163
15,0.5152508616447449,0.6841636300086975,0.826909601688385,0.8035622835159302,0.6513102054595947,0.6756579875946045,0.6788395047187805,0.6877101063728333,0.6919683814048767,0.5600425004959106,0.5703121423721313,0.5856441855430603,0.5714571475982666,0.45602887868881226,0.4759531319141388,0.5054132342338562,0.48080191016197205,0.36018234491348267,0.3897115886211395,0.4335956275463104,0.411476194858551,0.5838243961334229,0.5392143130302429,0.45226266980171204,0.364673912525177,0.3598199784755707,0.3346434235572815,0.26305729150772095,0.36732909083366394,0.3943912982940674,0.3387824594974518,0.2580553889274597,0.39156943559646606,0.40866225957870483,0.3574325740337372,0.2899496555328369,0.4143863022327423,0.4292503297328949,0.39183932542800903,0.3253655731678009,0.4032736122608185,0.4237919747829437,-3.0386809157789685e-05,-0.1480482965707779,-0.30784669518470764,-0.4511667490005493,-0.5206844210624695,-0.1258559376001358,-0.29059284925460815,-0.21194584667682648,-0.0919920951128006,-0.14181040227413177,-0.4097095727920532,-0.35988253355026245,-0.24317415058612823,-0.18070359528064728,-0.41965892910957336,-0.3290416896343231,-0.21519134938716888,-0.22998681664466858,-0.34449148178100586,-0.3292090892791748,-0.29795828461647034
16,0.5897511839866638,0.7073885202407837,0.7781796455383301,0.7214878797531128,0.6005832552909851,0.5661768913269043,0.5089682340621948,0.5286615490913391,0.5507262349128723,0.4767053425312042,0.39800184965133667,0.4289224445819855,0.4638221561908722,0.3999409079551697,0.31978464126586914,0.35467004776000977,0.4014599323272705,0.32784831523895264,0.24697700142860413,0.26059776544570923,0.29520171880722046,0.8290557861328125,0.7477496862411499,0.5905275344848633,0.5043287873268127,0.5600744485855103,0.44797977805137634,0.30557823181152344,0.33669358491897583,0.4039556086063385,0.4781046509742737,0.31717929244041443,0.35252952575683594,0.42621567845344543,0.5316000580787659,0.3883136510848999,0.41888418793678284,0.48794791102409363,0.6088010668754578,0.4907078444957733,0.4860631823539734,0.5228129029273987,-9.325667633675039e-05,-0.11248596012592316,-0.19865001738071442,-0.26765692234039307,-0.31097301840782166,-0.0657244399189949,-0.14840610325336456,-0.23561660945415497,-0.2759939134120941,-0.05925927311182022,-0.11724463850259781,-0.17840880155563354,-0.21677206456661224,-0.07162449508905411,-0.10974057763814926,-0.14925839006900787,-0.17574885487556458,-0.09430720657110214,-0.11663823574781418,-0.14530842006206512,-0.16627658903598785
17,0.6689060926437378,0.7630912065505981,0.7556724548339844,0.7026021480560303,0.6679506897926331,0.6188889145851135,0.5438772439956665,0.48725011944770813,0.4396924674510956,0.5407044291496277,0.4617404043674469,0.4135044515132904,0.37673482298851013,0.4733484983444214,0.40712839365005493,0.46210649609565735,0.5176416039466858,0.40706372261047363,0.33642593026161194,0.29613441228866577,0.2665276527404785,0.5714864730834961,0.45712631940841675,0.3341813385486603,0.23914667963981628,0.16678573191165924,0.29947736859321594,0.19751527905464172,0.13745366036891937,0.09161069989204407,0.32562586665153503,0.22307513654232025,0.14697350561618805,0.08512791991233826,0.36489447951316833,0.30334538221359253,0.36813977360725403,0.4285913109779358,0.4113316535949707,0.31954726576805115,0.26737749576568604,0.2154632806777954,-0.0002858398947864771,-0.015330229885876179,0.018224546685814857,0.0361001081764698,0.05194540694355965,0.15812355279922485,0.18319004774093628,0.18081094324588776,0.19777227938175201,0.1383185088634491,0.14825096726417542,0.09778258949518204,0.054929982870817184,0.1027633547782898,0.014592751860618591,-0.06138372793793678,-0.08045739680528641,0.06850220263004303,0.05045989155769348,0.04246478155255318,0.04072679579257965
18,0.712690532207489,0.81158447265625,0.7950934171676636,0.6404582262039185,0.5324569344520569,0.6290116906166077,0.5543420910835266,0.510642945766449,0.4748772978782654,0.5344271659851074,0.46149834990501404,0.4191910922527313,0.38606715202331543,0.46138516068458557,0.3893425464630127,0.3453027606010437,0.3042134642601013,0.4052909314632416,0.3209904730319977,0.26845458149909973,0.21749988198280334,0.6587950587272644,0.5505151152610779,0.40014058351516724,0.37948375940322876,0.45412731170654297,0.3214050531387329,0.19011542201042175,0.11835075914859772,0.06890077888965607,0.3454214632511139,0.20121589303016663,0.12123024463653564,0.07097484171390533,0.3894381523132324,0.25746631622314453,0.18112336099147797,0.12316472828388214,0.45341092348098755,0.3570445775985718,0.2885499596595764,0.229106143116951,-0.00042829939047805965,-0.09615801274776459,-0.13572058081626892,-0.15599128603935242,-0.143230602145195,0.0355643592774868,0.030526764690876007,0.04288056865334511,0.036314964294433594,0.03388112410902977,0.042555708438158035,0.031144145876169205,0.0035286557395011187,0.009584298357367516,-0.0020475920755416155,-0.01020906027406454,-0.03879619389772415,-0.030162647366523743,-0.04588180407881737,-0.07442064583301544,-0.10643083602190018
19,0.5226430296897888,0.6080808043479919,0.6317504644393921,0.5271319150924683,0.38989049196243286,0.5446888208389282,0.5275076627731323,0.5173789858818054,0.5097909569740295,0.453858882188797,0.4104926288127899,0.39913418889045715,0.3951255679130554,0.3768140375614166,0.31103628873825073,0.2829786241054535,0.2576364278793335,0.3232880234718323,0.33451688289642334,0.39688655734062195,0.44242143630981445,0.7079503536224365,0.6727404594421387,0.5746927857398987,0.5447336435317993,0.5300685167312622,0.4516820013523102,0.40726014971733093,0.49685579538345337,0.5574523210525513,0.45173418521881104,0.3151469826698303,0.22124871611595154,0.12698644399642944,0.48377299308776855,0.35841184854507446,0.2704795300960541,0.18009868264198303,0.5456944704055786,0.5070242881774902,0.5635542869567871,0.6138180494308472,-0.00014643577742390335,-0.20067079365253448,-0.30279719829559326,-0.3601047694683075,-0.3444797098636627,-0.21621853113174438,-0.33076438307762146,-0.28744620084762573,-0.22175194323062897,-0.20921054482460022,-0.3522613048553467,-0.4222243130207062,-0.4656487703323364,-0.21436606347560883,-0.35019633173942566,-0.3885036110877991,-0.4181146025657654,-0.23239368200302124,-0.31809180974960327,-0.29331332445144653,-0.25109684467315674
20,0.6130322813987732,0.7356733083724976,0.8024083375930786,0.6811596155166626,0.5340419411659241,0.6231316924095154,0.592451810836792,0.6470441818237305,0.6666643619537354,0.5185090899467468,0.47894126176834106,0.5579847693443298,0.5718832015991211,0.43096572160720825,0.40846872329711914,0.49942633509635925,0.5028975605964661,0.361431360244751,0.3366069197654724,0.41812580823898315,0.4294569194316864,0.6542234420776367,0.564171314239502,0.42726457118988037,0.36684727668762207,0.4154418706893921,0.34562772512435913,0.29174256324768066,0.3818055987358093,0.4012112021446228,0.3836456537246704,0.32839784026145935,0.43291860818862915,0.44425904750823975,0.43381524085998535,0.39370137453079224,0.485385000705719,0.4938521385192871,0.4962013363838196,0.4615861773490906,0.5147563219070435,0.5257574319839478,-0.00024857689277268946,-0.17156139016151428,-0.3162045180797577,-0.42322608828544617,-0.4422582685947418,-0.21051694452762604,-0.33110499382019043,-0.23409417271614075,-0.1286052018404007,-0.20264212787151337,-0.4191420078277588,-0.35491451621055603,-0.26559579372406006,-0.2194308638572693,-0.4188081622123718,-0.348346084356308,-0.276159405708313,-0.25266680121421814,-0.35025525093078613,-0.3632151186466217,-0.3672928810119629
21,0.610416829586029,0.7422240972518921,0.8026005625724792,0.7223665714263916,0.5928569436073303,0.5611262321472168,0.48117178678512573,0.5009963512420654,0.5326324105262756,0.4639630913734436,0.3573117256164551,0.3880522847175598,0.43332546949386597,0.3829532861709595,0.2813299894332886,0.303029328584671,0.34697550535202026,0.310526579618454,0.21563881635665894,0.2255823314189911,0.265972763299942,0.7153080701828003,0.6319451332092285,0.48484277725219727,0.41762569546699524,0.475136935710907,0.3627133369445801,0.23411229252815247,0.23139947652816772,0.2831139862537384,0.3869971036911011,0.23848974704742432,0.24979400634765625,0.3177486062049866,0.4303455054759979,0.2944585084915161,0.29923298954963684,0.35409143567085266,0.49486708641052246,0.38065338134765625,0.36003366112709045,0.3864463269710541,-0.0002467762096785009,-0.11385815590620041,-0.1743602454662323,-0.21009866893291473,-0.21919874846935272,-0.0334886871278286,-0.09956156462430954,-0.1984924077987671,-0.26331794261932373,-0.027650728821754456,-0.06931862235069275,-0.150215744972229,-0.20870709419250488,-0.038494840264320374,-0.07511742413043976,-0.1332762986421585,-0.173789843916893,-0.06394149363040924,-0.09858640283346176,-0.13802504539489746,-0.16021181643009186
22,0.5939781069755554,0.6997801661491394,0.6756559610366821,0.5126160383224487,0.36649784445762634,0.48020803928375244,0.3736720085144043,0.2989513874053955,0.22594860196113586,0.3669913113117218,0.2475215494632721,0.16778209805488586,0.10573554039001465,0.29173582792282104,0.20935188233852386,0.3388250768184662,0.4255335032939911,0.237619087100029,0.19336119294166565,0.3072189390659332,0.3848709762096405,0.8680920600891113,0.7165297865867615,0.5314338207244873,0.462728887796402,0.5190435647964478,0.4476613402366638,0.3089379072189331,0.2218610644340515,0.14638978242874146,0.49169281125068665,0.33258241415023804,0.22141849994659424,0.13243460655212402,0.5674636363983154,0.4789286255836487,0.5735006928443909,0.6543971300125122,0.6579893827438354,0.5733049511909485,0.6344444751739502,0.6882120966911316,-0.000230589575949125,-0.13468213379383087,-0.1636190414428711,-0.19693833589553833,-0.2076946347951889,0.06355537474155426,0.04650060832500458,0.05295301601290703,0.05430968478322029,0.06150367856025696,0.008103824220597744,-0.023601125925779343,-0.051712024956941605,0.02758965827524662,-0.18278555572032928,-0.23105497658252716,-0.19807997345924377,-0.008853089064359665,-0.19482986629009247,-0.2469535768032074,-0.23985207080841064
23,0.6257867813110352,0.7357054352760315,0.7660939693450928,0.7512218952178955,0.6989536285400391,0.5732531547546387,0.5469501614570618,0.585811972618103,0.6104581356048584,0.485120952129364,0.37789005041122437,0.31949546933174133,0.26609471440315247,0.4097389876842499,0.33077573776245117,0.2893528938293457,0.2413651943206787,0.3535924553871155,0.2695167362689972,0.24366891384124756,0.21588560938835144,0.8869396448135376,0.7775100469589233,0.6196965575218201,0.5014483332633972,0.40761876106262207,0.5639492273330688,0.49401581287384033,0.5826326012611389,0.6622780561447144,0.5631351470947266,0.41909894347190857,0.3379640281200409,0.26369330286979675,0.5887628197669983,0.44413018226623535,0.3668248653411865,0.2957967221736908,0.6423375606536865,0.5359301567077637,0.4810888171195984,0.42069488763809204,-4.59383190900553e-05,-0.04299432411789894,-0.046917639672756195,-0.07037259638309479,-0.08934922516345978,0.08131854981184006,-0.04181666672229767,-0.11643930524587631,-0.12299001216888428,0.0661630779504776,0.04507578909397125,0.0367928147315979,0.05490126088261604,0.01971990242600441,-0.008615786209702492,0.004828695207834244,0.03630637377500534,-0.03691372275352478,-0.06526530534029007,-0.03897997364401817,0.010995801538228989
24,0.6258053779602051,0.7628998160362244,0.794167697429657,0.7694520950317383,0.7723814249038696,0.6061644554138184,0.5678125023841858,0.6101238131523132,0.6410161256790161,0.5082431435585022,0.47137802839279175,0.540702223777771,0.588229238986969,0.4180707335472107,0.3818361163139343,0.46467235684394836,0.5193892121315002,0.3380974531173706,0.25335246324539185,0.21058225631713867,0.17847365140914917,0.9119875431060791,0.8154501914978027,0.6506608128547668,0.5204555988311768,0.4392222762107849,0.5943381786346436,0.5257699489593506,0.6230194568634033,0.6900970935821533,0.6237813234329224,0.5730351805686951,0.6865992546081543,0.7513494491577148,0.660767674446106,0.6071212887763977,0.7139275074005127,0.7804187536239624,0.6994126439094543,0.5820485949516296,0.5197709798812866,0.44588038325309753,-0.0001989566080737859,-0.006145230960100889,0.04748750850558281,0.0780593603849411,0.12581251561641693,0.13000020384788513,0.008796521462500095,-0.01580486260354519,0.028513692319393158,0.10289838165044785,-0.06038136035203934,-0.07855930924415588,-0.021918587386608124,0.05222984030842781,-0.11793025583028793,-0.09608499705791473,-0.017357075586915016,0.00214788387529552,-0.034308772534132004,-0.016223551705479622,0.025003887712955475
25,0.6328200697898865,0.7621886730194092,0.8026151061058044,0.7872940897941589,0.8018556237220764,0.6432241201400757,0.5966392159461975,0.5689316987991333,0.5416689515113831,0.548264741897583,0.5068082213401794,0.5683232545852661,0.6159170866012573,0.4602486491203308,0.42828795313835144,0.4944642186164856,0.5417807102203369,0.3818499445915222,0.3119649291038513,0.28455355763435364,0.267894983291626,0.919718325138092,0.8247284293174744,0.6716507077217102,0.5438153743743896,0.45846790075302124,0.591263473033905,0.4583801031112671,0.3851224184036255,0.3134878873825073,0.6216270327568054,0.5594019293785095,0.6698901057243347,0.7399677038192749,0.658818781375885,0.603419840335846,0.7108307480812073,0.7829049825668335,0.6988316178321838,0.5952433347702026,0.5276861190795898,0.44882434606552124,-0.0002696666633710265,-0.019304586574435234,0.03553758189082146,0.07224160432815552,0.1248086541891098,0.16373002529144287,0.15808354318141937,0.15942548215389252,0.1718432754278183,0.1295049488544464,-0.0065700155682861805,-0.0599980503320694,-0.0492231547832489,0.07965810596942902,-0.08418107777833939,-0.13290314376354218,-0.12037485837936401,0.02839985117316246,-0.020946728065609932,-0.03682499751448631,-0.029118245467543602
26,0.4432642459869385,0.5373674035072327,0.5647846460342407,0.48914873600006104,0.41895315051078796,0.6020948886871338,0.6211440563201904,0.6237249970436096,0.6213971972465515,0.5253788232803345,0.5477055907249451,0.5590137243270874,0.5739521384239197,0.44994843006134033,0.433928519487381,0.44316548109054565,0.45687025785446167,0.38344520330429077,0.3784456253051758,0.3988022208213806,0.4168558120727539,0.8022372722625732,0.7756308913230896,0.6867712140083313,0.6160232424736023,0.570702075958252,0.5686259865760803,0.46246400475502014,0.391217440366745,0.32662296295166016,0.5577552914619446,0.44487690925598145,0.3708046078681946,0.3040092885494232,0.577922523021698,0.5307079553604126,0.6130059361457825,0.6622300744056702,0.6147319674491882,0.5854253172874451,0.6431592106819153,0.6790666580200195,-8.32971345516853e-05,-0.1484580785036087,-0.20303064584732056,-0.22209647297859192,-0.20331835746765137,-0.12202385812997818,-0.16912448406219482,-0.1977846771478653,-0.2243718057870865,-0.10135617107152939,-0.14654476940631866,-0.18071122467517853,-0.21379157900810242,-0.09947874397039413,-0.21371567249298096,-0.21530833840370178,-0.19446219503879547,-0.10561095178127289,-0.2107567936182022,-0.21746502816677094,-0.20448757708072662
27,0.8280543088912964,0.8030139207839966,0.7461731433868408,0.6941208243370056,0.647644579410553,0.6504870653152466,0.5758638381958008,0.6085492372512817,0.6469538807868958,0.6346960663795471,0.5425064563751221,0.4948989152908325,0.45153793692588806,0.6357240676879883,0.5486341714859009,0.5035688877105713,0.4644010066986084,0.6494760513305664,0.580194354057312,0.5432687997817993,0.5069438219070435,0.4483185410499573,0.3477723300457001,0.2700954079627991,0.21509389579296112,0.17505939304828644,0.3302696943283081,0.3092314302921295,0.3109837472438812,0.3217433989048004,0.3778138756752014,0.36220818758010864,0.35009846091270447,0.34495043754577637,0.42882418632507324,0.41656485199928284,0.39748167991638184,0.38765984773635864,0.48391178250312805,0.47042542695999146,0.4493628442287445,0.4305269420146942,-8.191973029170185e-05,-0.020911403000354767,-0.03340447321534157,-0.05295613035559654,-0.0714663416147232,0.012828678824007511,-0.03125453367829323,-0.07102619111537933,-0.09211643785238266,0.0013878504978492856,0.0007972960593178868,-0.01012400258332491,-0.015434582717716694,-0.021695949137210846,-0.026879016309976578,-0.03103586658835411,-0.031549274921417236,-0.049494218081235886,-0.05624166876077652,-0.055169496685266495,-0.05038316920399666
28,0.8577102422714233,0.8171193599700928,0.7245489358901978,0.6411983966827393,0.5824960470199585,0.6325394511222839,0.5690979361534119,0.6392729878425598,0.6872767806053162,0.6491541266441345,0.6033340692520142,0.6895299553871155,0.7282797694206238,0.6711536645889282,0.6302444934844971,0.7109065055847168,0.7533370852470398,0.6978700160980225,0.6163393259048462,0.5734239816665649,0.521635115146637,0.5237354040145874,0.4007996916770935,0.32436442375183105,0.2711557149887085,0.22796911001205444,0.47589272260665894,0.5169951915740967,0.490607351064682,0.4667028784751892,0.5558871030807495,0.5970057845115662,0.5506837964057922,0.520406186580658,0.6296030282974243,0.664385199546814,0.6100131273269653,0.5732696056365967,0.6931288242340088,0.7427467107772827,0.7706347703933716,0.7918155193328857,-5.473928467836231e-05,-0.06825404614210129,-0.09195362776517868,-0.11458273977041245,-0.1180623397231102,-0.02572730742394924,-0.110090471804142,-0.115498386323452,-0.07956844568252563,-0.019225481897592545,-0.14124134182929993,-0.1407439410686493,-0.08858958631753922,-0.031027622520923615,-0.1441943198442459,-0.13072983920574188,-0.08202832192182541,-0.04539976269006729,-0.08142949640750885,-0.08835188299417496,-0.07712377607822418
29,0.9189045429229736,0.8702004551887512,0.7696728110313416,0.6871635913848877,0.6286749243736267,0.6736255884170532,0.5833908319473267,0.5400461554527283,0.4995650053024292,0.6914101243019104,0.6445948481559753,0.7282074093818665,0.7639753222465515,0.7127822637557983,0.675752580165863,0.7575159072875977,0.7935333847999573,0.7394407987594604,0.6731364130973816,0.6338860392570496,0.5796012282371521,0.48385682702064514,0.36393916606903076,0.290316104888916,0.23108316957950592,0.16606339812278748,0.4342297315597534,0.46989837288856506,0.5087668895721436,0.5511865615844727,0.5103437304496765,0.5337944626808167,0.4911317527294159,0.4630279541015625,0.5807216763496399,0.6032623052597046,0.5578932762145996,0.5276942849159241,0.6457951068878174,0.6822077035903931,0.7055056095123291,0.7291802167892456,-3.058925358345732e-05,-0.05998550355434418,-0.06684114038944244,-0.0809323862195015,-0.0872737392783165,0.045948129147291183,0.01797330193221569,-0.008525690995156765,-0.02102668583393097,0.04404246807098389,-0.05306004732847214,-0.08179286122322083,-0.07132110744714737,0.027648940682411194,-0.07067134976387024,-0.08708447217941284,-0.06937636435031891,0.005984368268400431,-0.02804943546652794,-0.03557465597987175,-0.03440709784626961
30,0.6388442516326904,0.7221751809120178,0.7520814538002014,0.7325791716575623,0.6835918426513672,0.6569691300392151,0.6363678574562073,0.6260113716125488,0.6156198978424072,0.5996131300926208,0.5727916359901428,0.5620140433311462,0.5477108359336853,0.5474991798400879,0.5212442874908447,0.50995272397995,0.4990873634815216,0.4988420009613037,0.46869778633117676,0.45852312445640564,0.4488227963447571,0.5686101913452148,0.5217186212539673,0.4468892514705658,0.37571021914482117,0.3484934866428375,0.3806611895561218,0.2918073534965515,0.2464173138141632,0.21383443474769592,0.3864911198616028,0.2886148989200592,0.23549017310142517,0.19964973628520966,0.4043967127799988,0.31675589084625244,0.26183342933654785,0.21993552148342133,0.43180620670318604,0.3633114695549011,0.3183802664279938,0.2780977785587311,-9.823372238315642e-05,-0.010252800770103931,-0.0028467546217143536,0.0038066061679273844,0.02213941141963005,0.003558956552296877,0.007341290824115276,0.007029225584119558,0.001904688193462789,-0.006532812025398016,0.004125428386032581,-0.01338479109108448,-0.03874551132321358,-0.019581783562898636,-0.023091493174433708,-0.03350821137428284,-0.05638584494590759,-0.035533200949430466,-0.053361695259809494,-0.0665334165096283,-0.08082056790590286
31,0.6246247887611389,0.7134659290313721,0.7451010942459106,0.7297378778457642,0.6674708127975464,0.636898934841156,0.620283842086792,0.6150057315826416,0.6065272092819214,0.5692106485366821,0.5497312545776367,0.5471692085266113,0.5392604470252991,0.5091604590415955,0.45325982570648193,0.41529130935668945,0.38196682929992676,0.4594604969024658,0.4111614227294922,0.38434308767318726,0.3596646189689636,0.547102153301239,0.49712440371513367,0.41425448656082153,0.3328784108161926,0.30075719952583313,0.3390347957611084,0.2488010972738266,0.19903406500816345,0.15947236120700836,0.34425342082977295,0.24844959378242493,0.1907462179660797,0.1482272893190384,0.36541253328323364,0.2854999601840973,0.23354020714759827,0.19081458449363708,0.3994349241256714,0.32907527685165405,0.284781277179718,0.24167850613594055,-0.00021290451695676893,-0.04813380911946297,-0.06730450689792633,-0.08525227010250092,-0.08613236993551254,-0.0211678147315979,-0.032553527504205704,-0.04663374274969101,-0.05743171274662018,-0.02342495322227478,-0.02236848510801792,-0.04120151698589325,-0.06251943111419678,-0.03480188921093941,-0.039138320833444595,-0.061825625598430634,-0.09079175442457199,-0.05347166582942009,-0.0734182819724083,-0.0967484638094902,-0.12285066395998001
32,0.573220431804657,0.6882586479187012,0.7337678670883179,0.7338360548019409,0.7583156228065491,0.6334198713302612,0.6167869567871094,0.6073398590087891,0.5984386801719666,0.5538733601570129,0.535552978515625,0.5295940637588501,0.5220435857772827,0.48457857966423035,0.4323781132698059,0.4009420871734619,0.3777649402618408,0.4249565601348877,0.3774529695510864,0.3514113426208496,0.33094322681427,0.5131244659423828,0.44882142543792725,0.34576117992401123,0.2488720417022705,0.18415898084640503,0.28216007351875305,0.17291167378425598,0.11775614321231842,0.07450510561466217,0.29095548391342163,0.1796613335609436,0.11710159480571747,0.07003185153007507,0.31456440687179565,0.2165634036064148,0.15748605132102966,0.1057223379611969,0.35122165083885193,0.2729806900024414,0.22344915568828583,0.17308083176612854,-0.00017056483193300664,-0.01553545892238617,-0.01220137719064951,-0.016605034470558167,-0.020649820566177368,0.034701328724622726,0.04518396779894829,0.042499348521232605,0.037160761654376984,0.02003904990851879,0.03070598654448986,0.011846375651657581,-0.014997582882642746,-0.0027686734683811665,-0.0009239302598871291,-0.02858935296535492,-0.06606046110391617,-0.024787092581391335,-0.04711025208234787,-0.0758538767695427,-0.10911386460065842
33,0.6684021949768066,0.7860029935836792,0.8075308799743652,0.7012102603912354,0.6092004179954529,0.6621708273887634,0.605638861656189,0.578898549079895,0.5582555532455444,0.5790504813194275,0.5191922187805176,0.49153876304626465,0.47235995531082153,0.5117853879928589,0.45597273111343384,0.43081048130989075,0.41508767008781433,0.4549698531627655,0.40491700172424316,0.38174545764923096,0.36450594663619995,0.5655840635299683,0.49146896600723267,0.36583033204078674,0.31161683797836304,0.3453493118286133,0.31265780329704285,0.20903432369232178,0.1493418663740158,0.09663033485412598,0.3238643705844879,0.21072226762771606,0.1405026912689209,0.08414740860462189,0.3501937985420227,0.2424832135438919,0.17524436116218567,0.11759859323501587,0.3968096375465393,0.30591320991516113,0.24422958493232727,0.1836024671792984,-0.00017273420235142112,-0.10699638724327087,-0.1466231644153595,-0.15472082793712616,-0.1250699758529663,-0.058126628398895264,-0.09202514588832855,-0.11573928594589233,-0.14651447534561157,-0.04722006246447563,-0.059249069541692734,-0.10248121619224548,-0.15956518054008484,-0.04702875763177872,-0.0632508397102356,-0.09760143607854843,-0.1514410674571991,-0.06307906657457352,-0.0826743096113205,-0.11831726133823395,-0.16759775578975677
34,0.5764821767807007,0.6424509286880493,0.6305029988288879,0.5298908352851868,0.4272618591785431,0.5120334625244141,0.4902696907520294,0.46914026141166687,0.4488587975502014,0.420811265707016,0.3569236695766449,0.3210597336292267,0.28842949867248535,0.3564947247505188,0.2759856581687927,0.24415762722492218,0.21536727249622345,0.3030847907066345,0.21472740173339844,0.16739793121814728,0.1246357262134552,0.8031166791915894,0.7207901477813721,0.6049769520759583,0.5292096734046936,0.5007171630859375,0.5198425650596619,0.40909963846206665,0.34397798776626587,0.29083549976348877,0.5402428507804871,0.41522252559661865,0.33847230672836304,0.28159332275390625,0.5816874504089355,0.4685594141483307,0.39048081636428833,0.3279990255832672,0.6439996957778931,0.5653142333030701,0.5092476010322571,0.4560674726963043,-0.00023613985104020685,-0.08795516192913055,-0.13926845788955688,-0.18057110905647278,-0.2074570208787918,-0.05173623561859131,-0.09707532823085785,-0.10533913224935532,-0.11457757651805878,-0.06253238022327423,-0.09922768175601959,-0.12958553433418274,-0.15827438235282898,-0.09300445765256882,-0.13836932182312012,-0.17725081741809845,-0.2152584344148636,-0.13443730771541595,-0.18032309412956238,-0.2285248041152954,-0.26735010743141174
35,0.5985987186431885,0.6863551139831543,0.6781237721443176,0.6289482116699219,0.6235177516937256,0.5367094874382019,0.5183988213539124,0.506206214427948,0.49179133772850037,0.4477385878562927,0.39315134286880493,0.3659861087799072,0.3421103358268738,0.3804125487804413,0.3075493276119232,0.2774743437767029,0.25173676013946533,0.3261506259441376,0.24650819599628448,0.20602130889892578,0.16670385003089905,0.8240525126457214,0.7402602434158325,0.6144789457321167,0.5144189596176147,0.43181777000427246,0.5310776829719543,0.4205474257469177,0.354091078042984,0.29936423897743225,0.5508407354354858,0.4287410378456116,0.3547235131263733,0.29963037371635437,0.5921684503555298,0.48020821809768677,0.40752366185188293,0.34712696075439453,0.654442548751831,0.580148458480835,0.5262858271598816,0.4718404710292816,-0.00017958960961550474,-0.03203030675649643,-0.03267983719706535,-0.03881688043475151,-0.04919632896780968,0.03050820529460907,0.01453588530421257,0.002629987196996808,-0.014600886963307858,0.005481064319610596,-0.008535991422832012,-0.04218165948987007,-0.06920444965362549,-0.03407810628414154,-0.055521346628665924,-0.10003864765167236,-0.14336228370666504,-0.07849358767271042,-0.11200619488954544,-0.15357862412929535,-0.19578059017658234
36,0.6104200482368469,0.7187389731407166,0.7498233914375305,0.749139130115509,0.7811468243598938,0.5799923539161682,0.571031391620636,0.5599647164344788,0.5477686524391174,0.485810250043869,0.4394468069076538,0.41245654225349426,0.3888435363769531,0.4130893349647522,0.35013097524642944,0.32418739795684814,0.3049127459526062,0.3562878966331482,0.2849445939064026,0.24820852279663086,0.2187904417514801,0.8401054739952087,0.7652802467346191,0.6453700661659241,0.5457656979560852,0.4752822518348694,0.5494894981384277,0.43804284930229187,0.37402331829071045,0.3204011619091034,0.5622538328170776,0.4401952028274536,0.3673745393753052,0.3130000829696655,0.5987256765365601,0.486343115568161,0.41526585817337036,0.3573012351989746,0.6566525101661682,0.579449474811554,0.524791419506073,0.47155264019966125,-0.00019926235836464912,-0.018856920301914215,-0.017923204228281975,-0.027095016092061996,-0.041658781468868256,0.04631875082850456,0.04141409695148468,0.031274378299713135,0.013712595216929913,0.02068329229950905,0.016457119956612587,-0.004316896665841341,-0.024402309209108353,-0.020252574235200882,-0.02831878513097763,-0.0608423687517643,-0.09426698088645935,-0.06670897454023361,-0.09046781808137894,-0.1285439431667328,-0.16666750609874725
37,0.5503908395767212,0.6213436722755432,0.6144496202468872,0.4828280806541443,0.39083096385002136,0.4901823401451111,0.45378923416137695,0.4274159371852875,0.40898987650871277,0.3921469449996948,0.3171665668487549,0.26389604806900024,0.22972266376018524,0.32787632942199707,0.2412138134241104,0.1927308589220047,0.15794271230697632,0.2878677248954773,0.18811871111392975,0.12495270371437073,0.07408890128135681,0.7720832228660583,0.7045847177505493,0.5911600589752197,0.5839513540267944,0.6428732872009277,0.503347635269165,0.3920954465866089,0.32211539149284363,0.26480555534362793,0.5259383916854858,0.40690404176712036,0.33259475231170654,0.27354684472084045,0.5701606869697571,0.4638676643371582,0.3924139142036438,0.33023425936698914,0.6374417543411255,0.5684154629707336,0.5157369375228882,0.4626457095146179,-0.00015941851597744972,-0.14642874896526337,-0.24225106835365295,-0.30332303047180176,-0.33026376366615295,-0.13038061559200287,-0.19492608308792114,-0.20605351030826569,-0.22447659075260162,-0.12143847346305847,-0.17216235399246216,-0.20220546424388885,-0.23314857482910156,-0.13410864770412445,-0.1895959973335266,-0.2296704798936844,-0.26698175072669983,-0.16044475138187408,-0.20548604428768158,-0.2508437931537628,-0.28393417596817017
